{
	"info": {
		"_postman_id": "7d103dfe-679e-475f-b38e-741772ff142b",
		"name": "Practical",
		"schema": "https://schema.getpostman.com/json/collection/v2.1.0/collection.json"
	},
	"item": [
		{
			"name": "Registration",
			"request": {
				"auth": {
					"type": "basic",
					"basic": [
						{
							"key": "password",
							"value": "1234",
							"type": "string"
						},
						{
							"key": "username",
							"value": "admin",
							"type": "string"
						}
					]
				},
				"method": "POST",
				"header": [
					{
						"key": "X-API-KEY",
						"value": "code@trupti",
						"type": "text"
					}
				],
				"body": {
					"mode": "urlencoded",
					"urlencoded": [
						{
							"key": "name",
							"value": "Trupti Barad",
							"type": "text"
						},
						{
							"key": "",
							"value": "",
							"type": "text",
							"disabled": true
						},
						{
							"key": "email",
							"value": "truptibarad07@gmail.com",
							"type": "text"
						},
						{
							"key": "password",
							"value": "trupti",
							"type": "text"
						},
						{
							"key": "phone",
							"value": "7878978978",
							"type": "text"
						}
					]
				},
				"url": {
					"raw": "http://localhost/truptici/api/authentication/registration",
					"protocol": "http",
					"host": [
						"localhost"
					],
					"path": [
						"truptici",
						"api",
						"authentication",
						"registration"
					]
				}
			},
			"response": []
		},
		{
			"name": "Login",
			"request": {
				"auth": {
					"type": "basic",
					"basic": [
						{
							"key": "password",
							"value": "1234",
							"type": "string"
						},
						{
							"key": "username",
							"value": "admin",
							"type": "string"
						}
					]
				},
				"method": "POST",
				"header": [
					{
						"key": "X-API-KEY",
						"type": "text",
						"value": "code@trupti"
					}
				],
				"body": {
					"mode": "urlencoded",
					"urlencoded": [
						{
							"key": "email",
							"value": "truptibarad07@gmail.com",
							"type": "text"
						},
						{
							"key": "password",
							"value": "truptibarad",
							"type": "text"
						},
						{
							"key": "phone",
							"value": "7043144525",
							"type": "text",
							"disabled": true
						},
						{
							"key": "",
							"value": "",
							"type": "text",
							"disabled": true
						}
					]
				},
				"url": {
					"raw": "http://localhost/truptici/api/authentication/login",
					"protocol": "http",
					"host": [
						"localhost"
					],
					"path": [
						"truptici",
						"api",
						"authentication",
						"login"
					]
				}
			},
			"response": []
		},
		{
			"name": "Category list",
			"protocolProfileBehavior": {
				"disableBodyPruning": true
			},
			"request": {
				"auth": {
					"type": "basic",
					"basic": [
						{
							"key": "password",
							"value": "1234",
							"type": "string"
						},
						{
							"key": "username",
							"value": "admin",
							"type": "string"
						}
					]
				},
				"method": "GET",
				"header": [
					{
						"key": "X-API-KEY",
						"type": "text",
						"value": "code@trupti"
					}
				],
				"body": {
					"mode": "urlencoded",
					"urlencoded": [
						{
							"key": "",
							"value": "",
							"type": "text",
							"disabled": true
						},
						{
							"key": "",
							"value": "",
							"type": "text",
							"disabled": true
						},
						{
							"key": "",
							"value": "",
							"type": "text",
							"disabled": true
						},
						{
							"key": "",
							"value": "",
							"type": "text",
							"disabled": true
						},
						{
							"key": "",
							"value": "",
							"type": "text",
							"disabled": true
						}
					]
				},
				"url": {
					"raw": "http://localhost/truptici/api/authentication/categories",
					"protocol": "http",
					"host": [
						"localhost"
					],
					"path": [
						"truptici",
						"api",
						"authentication",
						"categories"
					],
					"query": [
						{
							"key": "",
							"value": null,
							"disabled": true
						}
					]
				}
			},
			"response": []
		},
		{
			"name": "Product List",
			"protocolProfileBehavior": {
				"disableBodyPruning": true
			},
			"request": {
				"auth": {
					"type": "basic",
					"basic": [
						{
							"key": "password",
							"value": "1234",
							"type": "string"
						},
						{
							"key": "username",
							"value": "admin",
							"type": "string"
						}
					]
				},
				"method": "GET",
				"header": [
					{
						"key": "X-API-KEY",
						"type": "text",
						"value": "code@trupti"
					}
				],
				"body": {
					"mode": "urlencoded",
					"urlencoded": [
						{
							"key": "",
							"value": "",
							"type": "text",
							"disabled": true
						},
						{
							"key": "",
							"value": "",
							"type": "text",
							"disabled": true
						},
						{
							"key": "",
							"value": "",
							"type": "text",
							"disabled": true
						},
						{
							"key": "",
							"value": "",
							"type": "text",
							"disabled": true
						},
						{
							"key": "",
							"value": "",
							"type": "text",
							"disabled": true
						}
					]
				},
				"url": {
					"raw": "http://localhost/truptici/api/authentication/product",
					"protocol": "http",
					"host": [
						"localhost"
					],
					"path": [
						"truptici",
						"api",
						"authentication",
						"product"
					],
					"query": [
						{
							"key": "",
							"value": "",
							"disabled": true
						}
					]
				}
			},
			"response": []
		},
		{
			"name": "Product Details",
			"protocolProfileBehavior": {
				"disableBodyPruning": true
			},
			"request": {
				"auth": {
					"type": "basic",
					"basic": [
						{
							"key": "password",
							"value": "1234",
							"type": "string"
						},
						{
							"key": "username",
							"value": "admin",
							"type": "string"
						}
					]
				},
				"method": "GET",
				"header": [
					{
						"key": "X-API-KEY",
						"type": "text",
						"value": "code@trupti"
					}
				],
				"body": {
					"mode": "urlencoded",
					"urlencoded": [
						{
							"key": "",
							"value": "",
							"type": "text",
							"disabled": true
						},
						{
							"key": "",
							"value": "",
							"type": "text",
							"disabled": true
						},
						{
							"key": "",
							"value": "",
							"type": "text",
							"disabled": true
						},
						{
							"key": "",
							"value": "",
							"type": "text",
							"disabled": true
						},
						{
							"key": "",
							"value": "",
							"type": "text",
							"disabled": true
						}
					]
				},
				"url": {
					"raw": "http://localhost/truptici/api/authentication/product/1",
					"protocol": "http",
					"host": [
						"localhost"
					],
					"path": [
						"truptici",
						"api",
						"authentication",
						"product",
						"1"
					],
					"query": [
						{
							"key": "",
							"value": null,
							"disabled": true
						}
					]
				}
			},
			"response": []
		},
		{
			"name": "Seach Product",
			"request": {
				"auth": {
					"type": "basic",
					"basic": [
						{
							"key": "password",
							"value": "1234",
							"type": "string"
						},
						{
							"key": "username",
							"value": "admin",
							"type": "string"
						}
					]
				},
				"method": "POST",
				"header": [
					{
						"key": "X-API-KEY",
						"type": "text",
						"value": "code@trupti"
					},
					{
						"key": "Content-Type",
						"value": "application/x-ndjson",
						"type": "text",
						"disabled": true
					}
				],
				"body": {
					"mode": "urlencoded",
					"urlencoded": [
						{
							"key": "product_title",
							"value": "Test Product",
							"type": "text"
						},
						{
							"key": "",
							"value": "",
							"type": "text",
							"disabled": true
						},
						{
							"key": "",
							"value": "",
							"type": "text",
							"disabled": true
						},
						{
							"key": "",
							"value": "",
							"type": "text",
							"disabled": true
						},
						{
							"key": "",
							"value": "",
							"type": "text",
							"disabled": true
						}
					]
				},
				"url": {
					"raw": "http://localhost/truptici/api/authentication/search",
					"protocol": "http",
					"host": [
						"localhost"
					],
					"path": [
						"truptici",
						"api",
						"authentication",
						"search"
					],
					"query": [
						{
							"key": "",
							"value": "",
							"disabled": true
						},
						{
							"key": "",
							"value": "",
							"disabled": true
						}
					]
				}
			},
			"response": []
		},
		{
			"name": "Product from category",
			"protocolProfileBehavior": {
				"disableBodyPruning": true
			},
			"request": {
				"auth": {
					"type": "basic",
					"basic": [
						{
							"key": "password",
							"value": "1234",
							"type": "string"
						},
						{
							"key": "username",
							"value": "admin",
							"type": "string"
						}
					]
				},
				"method": "GET",
				"header": [
					{
						"key": "X-API-KEY",
						"type": "text",
						"value": "code@trupti"
					},
					{
						"key": "Content-Type",
						"value": "application/json",
						"type": "text"
					}
				],
				"body": {
					"mode": "raw",
					"raw": "{\n\"conditions\" : [{\n\"product_title\":\"TESS\",\t\n}]\n}\n"
				},
				"url": {
					"raw": "http://localhost/truptici/api/authentication/product_from_category?category=Mobile Accessories",
					"protocol": "http",
					"host": [
						"localhost"
					],
					"path": [
						"truptici",
						"api",
						"authentication",
						"product_from_category"
					],
					"query": [
						{
							"key": "category",
							"value": "Mobile Accessories"
						},
						{
							"key": "",
							"value": "",
							"disabled": true
						}
					]
				}
			},
			"response": []
		}
	],
	"protocolProfileBehavior": {}
}